"sweet and spicy gochujang fried chicken","sweet and spicy gochujang fried chicken","gochujang fried chicken","sweet and spicy fried chicken"
"grilled asparagus with poached eggs and hollandaise","grilled asparagus with poached eggs and hollandaise","grilled asparagus"
"new potato tart with rocket pesto","new potato tart with rocket pesto","potato tart","new potato tart"
"crispy pork spring rolls","crispy pork spring rolls","spring rolls","pork spring rolls"
"maple black pepper pork belly with creamy potato salad","maple black pepper pork belly with creamy potato salad","maple black pepper pork belly"
"lemony confit garlic orzo","lemony confit garlic orzo","garlic orzo"
"brown butter miso udon","brown butter miso udon","miso udon","butter miso udon"
"healthyish chicken korma","healthyish chicken korma","chicken korma","healthy chicken korma"
"mapo tofu","mapo tofu"
"confit garlic goat’s cheese toast","confit garlic goat’s cheese toast","goat's cheese toast","cheese toast"
"stuffed peppers with garlic orzo and zhoug","stuffed peppers with garlic orzo and zhoug","stuffed peppers","stuffed peppers with garlic orzo"
"crispy sausage peanut noodles","crispy sausage peanut noodles","sausage peanut noodles","crispy sausage noodles"
"salted caramel profiteroles","salted caramel profiteroles","profiteroles","caramel profiteroles"
"zenas sichuan aubergines","zenas sichuan aubergines","sichuan aubergines"
"xiengnis midnight noodles","xiengnis midnight noodles","midnight noodles"
"broccoli fritti","broccoli fritti","fritti"
"caramelised onion & anchovy tortilla","caramelised onion & anchovy tortilla","caramelised onion and anchovy tortilla","caramelised onion tortilla","anchovy tortilla"
"bens flatbreads","bens flatbreads","bens flatbread"
"creamy miso noodles with mushroom skewers","creamy miso noodles with mushroom skewers","creamy miso noodles","creamy miso noodles with mushroom","miso noodles"
"harissa mac and cheese","harissa mac and cheese"
"hearty mushroom and lentil ragù","hearty mushroom and lentil ragù","mushroom and lentil ragù","hearty mushroom and lentil ragu","mushroom and lentil ragu","hearty mushroom & lentil ragù","mushroom & lentil ragù"
"feta baked orzo","feta baked orzo","baked orzo"
"super green mac and cheese","super green mac and cheese","green mac and cheese"
"5-ingredient kebabs","5-ingredient kebabs","five ingredient kebabs","5 ingredient kebabs","5 ingredient kebab","five ingredient kebab"
"peanut chicken salad","peanut chicken salad"
"lazy butter chicken","lazy butter chicken","butter chicken"
"coconutty potato and chickpea soup","coconutty potato and chickpea soup","potato and chickpea soup","coconutty potato & chickpea soup","chickpea soup","coconutty chickpea soup"
"creamy leek potatoes","creamy leek potatoes","leek potatoes","creamy leek potato","leek potato"
"crispy mushroom pancakes","crispy mushroom pancakes","crispy mushroom pancake","mushroom pancakes","mushroom pancake"
"roasted carrot and date salad","roasted carrot and date salad","roasted carrot salad","data salad","roasted carrot & date salad"
"crispy mushroom hoisin noodles","crispy mushroom hoisin noodles","mushroom hoisin noodles","hoisin noodles"
"crispy cumin corn fritters & smoky salsa","crispy cumin corn fritters & smoky salsa","crispy cumin corn fritters and smoky salsa","crispy cumin corn fritters & smokey salsa","crispy cumin corn fritters and smokey salsa","crispy cumin corn fritters","corn fritters","cumin corn fritters"
"sardine spaghetti","sardine spaghetti"
"pork and mushrooms meatballs with braised lentils and jam","pork and mushrooms meatballs with braised lentils and jam","pork & mushrooms meatballs with braised lentils and jam","pork and mushroom meatballs with braised lentils and jam","pork & mushroom meatballs with braised lentils and jam","pork and mushroom meatballs","pork & mushroom meatballs"
"creamy chorizo & mascarpone rigatoni","creamy chorizo & mascarpone rigatoni","creamy chorizo and mascarpone rigatoni","creamy chrizo mascarpone rigatoni","mascarpone rigatoni","creamy chorizo rigatoni"
"artichoke and pine nut pasta","artichoke and pine nut pasta","artichoke & pine nut pasta","pine nut pasta","artichoke pine nut pasta"
"chicken parm melt","chicken parm melt"
"pasta frittata","pasta frittata"
"harissa and tomato gnocchi","harissa and tomato gnocchi","harissa & tomato gnocchi","harissa tomato gnocchi"
"fried eggs with yoghurt and za’atar","fried eggs with yoghurt and za’atar","fried eggs","fried eggs with yoghurt","fried eggs with yoghurt & za'atar"
"ricotta stuffed crispy fried olives","ricotta stuffed crispy fried olives","crispy fried olives","fried olives","ricotta crispy fried olives","ricotta fried olives","ricotta olives"
"full english traybake","full english traybake","english traybake"
"guinness-glazed pork belly buns","guinness-glazed pork belly buns","pork belly buns","glazed pork belly buns"
"5-ingredient chilli tahini noodles","5-ingredient chilli tahini noodles","five ingredient chili tahini noodles","5 ingredient chili tahini noodles","chili tahini noodles","tahini noodles","chili noodles"
"honey harissa carrots with whipped feta","honey harissa carrots with whipped feta","honey harissa carrots","harissa carrots","harissa carrots with whipped feta","honey harissa carrots with feta","harissa carrots with feta"
"jordons winter panzanella","jordon’s winter panzanella","jordons winter panzanella","winter panzanella"
"chickpea and paneer curry","chickpea and paneer curry","paneer curry","chickpea & paneer curry","chickpea paneer curry"
"3-ingredient banana pancakes","3-ingredient banana pancakes","3 ingredient banana pancakes","three ingredient banana pancakes"
"leftovers chicken stock","leftovers chicken stock","chicken stock","leftover chicken stock"
"honey sriracha chicken bowls","honey sriracha chicken bowls","siracha chicken bowls","chicken bowls","honey chicken bowls","sriracha chicken bowls","honey siracha chicken bowls"
"nduja roast potatoes","nduja roast potatoes","nduja potatoes","roast potatoes"
"crispy tofu bites","crispy tofu bites","tofu bites","crispy tofu"
"crispy chilli and mint pork","crispy chilli and mint pork","chili and mint pork","crispy chili & mint pork","chili & mint pork"
"roasted squash with zhoug","roasted squash with zhoug","zhoug roasted squash"
"nduja chicken traybake","nduja chicken traybake","nduja chicken","chicken traybake"
"crepes","crepes","crepe","crêpes","crêpe"
"buttermilk-style pancakes","buttermilk-style pancakes","buttermilk style pancakes","buttermilk pancakes"
"creamy parm egg bagel with bacon","creamy parm egg bagel with bacon","creamy parm egg bagel","parm egg bagel","egg bagel","bagel","egg bagel with bacon"
"sausage and sticky onion ragu","sausage and sticky onion ragù","sausage and sticky onion ragu","sticky onion ragu","sticky onion ragù","sausage & sticky onion ragù","sausage & sticky onion ragu"
"paneer, courgette and chilli fritters","paneer, courgette and chilli fritters","paneer courgette and chilli fritters","paneer and chili fritters","paneer, courgette & chili fritters","chili fritters","courgette and chili fritters","courgette & chili fritters","paneer & chili fritters"
"cacio e pepe spinach toast","cacio e pepe spinach toast","spinach toast","salt and pepper spinach toast","salt & pepper spinach toast"
"black eyed peas dahl","black eyed peas dahl","black peas dahl","peas dahl","black-eyed peas dahl"
"shallot tarte tatin","shallot tarte tatin","shallot tarte","shallot tart"
"baked pesto penne","baked pesto penne","pesto penne"
"coronation prawn toast","coronation prawn toast"
"crispy polenta fries","crispy polenta fries","polenta fries"
"sausage gochujang rigatoni","sausage gochujang rigatoni","gochujang rigatoni","sausage rigatoni"
"crispy pizza baguettes","crispy pizza baguettes","pizza baguettes"
"cheats custard tarts","cheats custard tarts","custard tarts","cheats custard tart","custard tart"
"zaatar aubergine and bulgur wheat","za’atar aubergine and bulgur wheat","zaatar aubergine and bulgur wheat","za’atar aubergine & bulgur wheat","zaatar aubergine & bulgur wheat","aubergine and bulgur wheat","aubergine & bulgur wheat"
"crispy cauliflower bites with peanut butter aioli","crispy cauliflower bites with peanut butter aioli","crispy cauliflower bites","cauliflower bites","crispy cauliflower bites with peanut butter","cauliflower bites with peanut butter"
"sausage mushroom orzo","sausage mushroom orzo"
"feta stuffed jacket potatoes with dill salsa","feta stuffed jacket potatoes with dill salsa","feta stuffed jacket potatoes","jacket potatoes","feta stuffed jacket potato with dill salsa","feta stuffed jacket potato","jacket potato","jacket potatoes with dill salsa"
"coconut crusted paneer bites","coconut crusted paneer bites","crusted paneer bites","paneer bites","coconut paneer bites"
"sambal smashed potatoes with satay sauce","sambal smashed potatoes with satay sauce","sambal smashed potatoes","smashed potatoes with satay sauce","smashed potatoes with satay","smashed potatoes"
"kimchi and tofu noodle soup","kimchi and tofu noodle soup","tofu noodle soup","kimchi & tofu noodle soup","kimchi noodle soup"
"vegan caesar salad","vegan caesar salad"
"sambal aubergine","sambal aubergine","sambal aubergines"
"parsley pesto linguine","parsley pesto linguine","parsley pesto linguini","pesto linguine","pesto linguini"
"crispy chilli tofu","crispy chilli tofu","crispy chili tofu","chilli tofu","chili tofu"
"spiced beetroot flatbreads","spiced beetroot flatbreads","spiced beetroot flatbread","beetroot flatbread"
"fragrant lemongrass squash curry","fragrant lemongrass squash curry","lemongrass squash curry","squash curry"
"creamy miso cauliflower and sticky squash","creamy miso cauliflower and sticky squash","creamy miso cauliflower & sticky squash","miso cauliflower and sticky squash","miso cauliflower & sticky squash","miso cauliflower","miso cauliflower with squash","miso cauliflower with sticky squash"
"the ultimate falafel burger","the ultimate falafel burger","ultimate falafel burger","falafel burger"
"sweet potato and tamarind tacos","sweet potato and tamarind tacos","sweet potato and tamarind taco's","sweet potato and tamarind taco","tamarind tacos","tamarind taco's","tamarind taco","sweet potato & tamarind tacos","sweet potato & tamarind taco"
"roasted purple sprouting broccoli with puy lentils and tahini dressing","roasted purple sprouting broccoli with puy lentils and tahini dressing","roasted broccoli","roasted purple broccoli","roasted purple sprouting broccoli"
"porcini mushroom spaghetti","porcini mushroom spaghetti","mushroom spaghetti","porcini spaghetti"
"sweet and sour lentil meatballs","sweet and sour lentil meatballs","lentil meatballs","sweet and sour meatballs","sweet & sour meat balls","sweet & sour lentil meatballs"
"xiengnis vegan laksa","xiengnis vegan laksa","laksa","vegan laksa","xiengnis laksa"
"spicy roasted cauliflower with hummus and pickles","spicy roasted cauliflower with hummus and pickles","spicy roasted cauliflower"
"6-ingredient tomato gnocchi","6-ingredient tomato gnocchi","6 ingredient tomato gnocchi","six ingredient tomato gnocchi","tomato gnocchi"
"artichoke fatteh","artichoke fatteh"
"creamy quorn sausage and broccoli pasta","creamy quorn sausage and broccoli pasta","creamy quorn sausage","quorn sausage","creamy quorn sausage with broccoli pasta","creamy corn sausage and broccoli pasta","creamy corn sausage","corn sausage","creamy corn sausage with broccoli pasta"
"roasted aubergine curry and pol roti","roasted aubergine curry and pol roti","roasted aubergine curry","roasted aubergine curry with pol roti"
"ratatouille with sacla vegan basil pesto croutons","ratatouille with sacla’ vegan basil pesto croutons","ratatouille with sacla vegan basil pesto croutons","ratatouille with vegan basil pesto croutons","ratatouille with basil pesto croutons","ratatouille with croutons","ratatouille with pesto croutons"
"scotch bonnet coconut and crispy tofu noodles","scotch bonnet coconut and crispy tofu noodles","crispy tofu noodles","coconut and crispy tofu noodles","coconut with crispy tofu noodles","scotch bonnet coconut noodles"
"herby mushroom stroganoff","herby mushroom stroganoff","mushroom stroganoff"
"garlicky sesame leeks","garlicky sesame leeks","sesame leeks","garlic sesame leeks","garlicky leeks"
"cavolo nero rigatoni","cavolo nero rigatoni","cavolo rigatoni"
"cannellini beans with sage and roasted tomatoes","cannellini beans with sage and roasted tomatoes","cannellini beans","cannellini beans with roasted tomatoes","cannelini beans"
"jerk lentils and roti","jerk lentils and roti","lentils and roti"
"harissa and cumin potatoes with crispy chickpeas and yoghurt","harissa and cumin potatoes with crispy chickpeas and yoghurt","harissa and cumin potatoes","cumpin potatoes","harissa potatoes"
"garlic and parmesan oyster mushrooms","garlic and parmesan oyster mushrooms","oyster mushrooms","oyster mushroom","garlic and parmesan oyster mushroom"
"squash and beetroot galette","squash and beetroot galette","beetroot galette","squash beetroot galette","squash galette"
"caramelised brussels sprouts with butter beans & nduja","caramelised brussels sprouts with butter beans & nduja","caramelised brussels sprouts with butter beans and nduja","caramelised brussels sprouts","caramelised brussel sprouts"
"creamy sausage, bacon and brussels sprout tagliatelle","creamy sausage, bacon and brussels sprout tagliatelle","creamy sausage tagliatelle","sausage tagliatelle"
"mulled wine mix","mulled wine mix","wine mix"
"sprout and cheddar gratin","sprout and cheddar gratin","cheddar gratin","sprout gratin"
"parmesan sprouts","parmesan sprouts","parmesan sprout"
"sambal sprouts","sambal sprouts","sambal sprout"
"confit duck, bacon and beans","confit duck, bacon and beans","confit duck","duck, bacon and beans"
"christmas garlic bread","christmas garlic bread"
"miso caramels","miso caramels","miso caramel"
"crispy sausage, brie and cranberry parcels","crispy sausage, brie and cranberry parcels","crispy sausage with brie","crispy sausage with brie and cranberry parcels","crispy sausage"
"honey harissa camembert","honey harissa camembert","harissa camembert","honey camembert","honey harissa camember"
"espresso martini brownies","espresso martini brownies","espresso brownies","espresso martini brownie","espresso brownie"
"emergency gyoza soup","emergency gyoza soup"
"spicy braised lentils, peppers & chorizo","spicy braised lentils, peppers & chorizo","spicy braised lentils, peppers and chorizo","spicy braised chorizo","braised chorizo","spicy braised lentils"
"perfect roast potatoes","perfect roast potatoes","perfect potatoes"
"harissa lamb sausage rolls","harissa lamb sausage rolls","lamb sausage rolls","harissa sausage rolls","harissa lamb rolls","harissa rolls"
"white chocolate gingerbread cookies","white chocolate gingerbread cookies","gingerbread cookies"
"christmas hasselback potatoes","christmas hasselback potatoes"
"chocolate and peanut butter tart","chocolate and peanut butter tart","chocolate & peanut butter tart","chocolate peanut butter tart"
"roasted garlic dauphinoise potatoes","roasted garlic dauphinoise potatoes","roasted garlic potatoes"
"mushroom and miso pie","mushroom and miso pie","mushroom & miso pie"
"chocolate sticky toffee pudding","chocolate sticky toffee pudding","chocolate toffee pudding","toffee pudding","sticky toffee pudding"
"sausage and chorizo ragu","sausage and chorizo ragù","sausage and chorizo ragu"
"roast broccoli with tahini dressing and sesame chilli crisp","roast broccoli with tahini dressing and sesame chilli crisp","roast broccoli","roast broccoli with tahini dressing"
"butternut squash, goats cheese and onion pie","butternut squash, goats cheese and onion pie","butternut squash","butternut squahs with goat cheese","butternut squash with goats cheese"
"5-ingredient cherry pie","5-ingredient cherry pie","five ingredients cherry pie","cherry pie","5 ingredients cherry pie","five ingredient cherry pie"
"sweet potato, coconut and harissa soup","sweet potato, coconut and harissa soup","sweet potato coconut soup"
"spiced lamb and filo pie","spiced lamb and filo pie","lamb and filo pie","spiced lamb pie"
"chicken and pineapple curry","chicken and pineapple curry"
"creamy chicken and mushroom pie","creamy chicken and mushroom pie","chicken mushroom pie","creamy chicken mushroom pie"
"garlicky pot roast chicken","garlicky pot roast chicken","pot roast chicken","garlic pot roast chicken"
"steak and ale pie","steak and ale pie"
"garlicky spaghetti with anchovies & breadcrumbs","garlicky spaghetti with anchovies & breadcrumbs","garlic spaghetti with anchovues and breadcrumbs","garlicky spaghetti","garlic spaghetti"
"deep fried apple pies","deep fried apple pies"
"creamy nduja linguine (without cream)","creamy nduja linguine (without cream)","creamy nduja linguine","creamy linguine","creamy linguini"
"cheesy butternut squash gratin","cheesy butternut squash gratin","butternut squash gratin","cheesy butternut squash"
"cheesy nduja & celeriac steaks","cheesy nduja & celeriac steaks","cheesy steaks"
"caramelised onion and blue cheese pie","caramelised onion and blue cheese pie","blue cheese pie","caramelised onion & blue cheese pie"
"prawn and chorizo linguine","prawn and chorizo linguine","prawn and chorizo linguini"
"aubergine parmigiana orzo","aubergine parmigiana orzo","aubergine orzo","aubergine parmigiana"
"chorizo and chickpea stew","chorizo and chickpea stew","chorizo & chickpea stew"
"mushroom ragù & polenta","mushroom ragù & polenta","mushroom ragù and polenta","mushroom ragu and polenta","mushroom ragu with polenta"
"jordon’s ribollita","jordon’s ribollita","jordons ribollita","ribollita"
"cheesy potato pasta","cheesy potato pasta","potato pasta"
"salmon ceviche tacos","salmon ceviche tacos","ceviche tacos","salmon ceviche taco's","ceviche taco's","salmon tacos","salmon taco's"
"butternut squash sandwich","butternut squash sandwich","butternut sandwich","squash sandwich"
"lemony nduja and mascarpone risotto","lemony nduja and mascarpone risotto","lemony mascarpone risotto","mascarpone risotto","lemon risotto","lemony risotto","lemon mascarpone risotto"
"wintery leek and potato eggs","wintery leek and potato eggs"
"spicy cumin roasted chicken thighs with braised greens","spicy cumin roasted chicken thighs with braised greens","spicy cumin roasted chicken thighs","roasted chicken thighs"
"self-saucing chocolate pudding","self-saucing chocolate pudding","chocolate pudding","self saucing chocolate pudding"
"spicy potatoes (batata harra)","spicy potatoes (batata harra)","spicy potatoes"
"pepperoni pizza pasta","pepperoni pizza pasta","pepperoni pasta","pepperoni pizza"
"creamy pumpkin risotto with caramelised pecans","creamy pumpkin risotto with caramelised pecans","creamy pumpkin risotto"
"warming chorizo and kale soup","warming chorizo and kale soup","chorizo and kale soup"
"crispy zaatar chicken thighs with roast potatoes and romesco sauce","crispy zaatar chicken thighs with roast potatoes and romesco sauce","crispy chicken thighs","crispy zaatar chicken thighs","crispy zatar chicken thighs"
"fragrant lemongrass mushroom soup","fragrant lemongrass mushroom soup","lemongrass mushroom soup"
"scotch bonnet and honey cauliflower","scotch bonnet and honey cauliflower"
"simple orzo minestrone","simple orzo minestrone","simple orzo"
"sticky orange chicken traybake","sticky orange chicken traybake","orange chicken traybake"
"courgette parmigiana","courgette parmigiana"
"sophies pasta with chickpeas","sophies pasta with chickpeas","pasta with chickpeas","sophies pasta"
"broccoli and walnut rigatoni","broccoli and walnut rigatoni","broccoli rigatoni","broccoli & walnut rigatoni","walnut rigatoni"
"jordons tarte tatin","jordons tarte tatin","jordon's tarte tatin","jordons tarte","jordons tart","jordon's tarte","jordon's tart"
"40 clove garlic mushroom lasagne","40 clove garlic mushroom lasagne","garlic mushroom lasagne","forty clove gralic mushroom lasagne","fourty clove garlic mushroom lasagne","mushroom lasagne"
"cajun lentil burritos","cajun lentil burritos","lentil burritos"
"ginger and spring onion chicken broth","ginger and spring onion chicken broth"
"pasta e lenticchie (pasta with lentils)","pasta e lenticchie (pasta with lentils)","pasta with lentils"
"spicy peanut and squash soup","spicy peanut and squash soup"
"suya kebab wraps","suya kebab wraps","kebab wraps"
"green herby frittata","green herby frittata","herby frittata","green frittata"
"spiced carrot soup","spiced carrot soup"
"rude health mushroom crêpes","rude health mushroom crêpes","mushroom crêpes","mushroom crepes","rude health mushroom crepes"
"cauliflower and tahini soup","cauliflower and tahini soup"
"cheesy pesto dough balls","cheesy pesto dough balls"
"quorn chilli dogs","quorn chilli dogs","corn chilli dogs"
"curried corn on the cob","curried corn on the cob"
"lemon, honey and thyme cake","lemon, honey and thyme cake"
"harissa lentils with charred peppers and olive salsa","harissa lentils with charred peppers and olive salsa","harissa lentils"
"roasted garlic chicken soup","roasted garlic chicken soup"
"braised lentils with fennel, sausage and salsa verde","braised lentils with fennel, sausage and salsa verde","braised lentils with fennel","braised lentils"
"jordons tiramisu","jordons tiramisu","jordon's tiramisu","tiramisu"
"egg, crispy chilli and coconut porridge","egg, crispy chilli and coconut porridge"
"lentil, potato and cumin soup with crispy onions","lentil, potato and cumin soup with crispy onions"
"halloumi saag aloo","halloumi saag aloo"
"courgette and cavolo nero soup with cheesy garlic bread croutons","courgette and cavolo nero soup with cheesy garlic bread croutons","courgette and cavolo nero soup"
"potato, courgette and cumin fritters","potato, courgette and cumin fritters","potato fritters","potato courgette fritters","potato, courgette & cumin fritters","cumin fritters","courgette and cumin fritters","courgette & cumin fritters"
"crispy almond & apple fritters","crispy almond & apple fritters","crispy almond and apple fritters","almond & apple fritters","almond and apple fritters","apple fritters"
"smoky bacon and radicchio spaghetti","smoky bacon and radicchio spaghetti","smokey bacon and radicchio spaghetti","smoky bacon spaghetti","smokey bacon spaghetti"
"malfatti (ricotta gnocchi)","malfatti (ricotta gnocchi)","ricotta gnocchi","malfatti"
"willys banoffee croissant","willys banoffee croissant","willy's banoffee croissaint","banoffee croissant"
"sophies leek and taleggio paccheri","sophies leek and taleggio paccheri","sophie's leek and taleggio paccheri","leek and taleggio paccheri"
"crispy chicken with chorizo beans","crispy chicken with chorizo beans"
"crispy salmon parcels","crispy salmon parcels","salmon parcels"
"crispy chicken thigh noodle salad","crispy chicken thigh noodle salad","crispy chicken thighs noodle salad"
"tamarind squash with crispy chickpeas","tamarind squash with crispy chickpeas","tamarind squash"
"butternut and halloumi koftes","butternut and halloumi koftes","butternut and halloumi köftes","butter nut and halloumi koftes","butter nuts and halloumi koftes"
"meatball sub croissant","meatball sub croissant"
"garlicky fish curry","garlicky fish curry","garlic fish curry"
"chorizo chilli con carne","chorizo chilli con carne"
"baked spinach and ricotta tortelloni","baked spinach and ricotta tortelloni","baked spinach and ricotta tortellini"
"sticky cardamom buns","sticky cardamom buns"
"red curry prawn toast","red curry prawn toast","curry prawn toast","red curry toast"
"creamy rose harissa spaghetti","creamy rose harissa spaghetti","creamy harissa spaghetti"
"sweetcorn risotto with hazelnuts and sage","sweetcorn risotto with hazelnuts and sage","sweet corn risotto with hazelnuts and sage","sweet corn risotto","sweetcorn risotto"
"summer panzanella","summer panzanella"
"seema’s mob truck burger","seema’s mob truck burger","mob truck burger","truck burger"
"lemony spaghetti","lemony spaghetti","lemon spaghetti"
"tamarind and mango braised tofu","tamarind and mango braised tofu"
"curry cauliflower cheese","curry cauliflower cheese"
"sticky sriracha quorn bowls","sticky sriracha quorn bowls","sticky siracha corn bowls","siracha corn bowls"
"lv bull’s-eye brisket","lv bull’s-eye brisket","I V bull's-eye brisket","bulls-eye brisket","bull's eye brisket","bulls eye brisket","Ivy bullseye brisket","Ivy bulls-eye brisket"
"ben’s amatriciana","ben’s amatriciana","bens amatriciana"
"crispy cauliflower tacos","crispy cauliflower tacos","crispy cauliflower taco's"
"kimchi mac and cheese","kimchi mac and cheese","kimchi mac & cheese"
"smashed cucumber and sesame salad","smashed cucumber and sesame salad","smashed cucumber salad"
"bens summer tomato pasta","bens summer tomato pasta","ben's summer tomato pasta"
"chicken biryani","chicken biryani"
"meatball patty smashburgers","meatball patty smashburgers","meatball smashburgers","meatball patty smash burgers","meatball smash burgers"
"spicy aubergine and nduja rigatoni","spicy aubergine and nduja rigatoni","spicy aubergine & nduja rigatoni","aubergine and nduja rigatoni","aubergine & nduja rigatoni","nduja rigatoni"
"chipotle spatchcock chicken with corn ribs and avocado crema","chipotle spatchcock chicken with corn ribs and avocado crema","chipotle chicken","chipotle spatchcock chicken"
"jordons interview salad","jordons interview salad","interview salad","jordon's interview salad"
"quorn, pickled ginger and grapefruit salad","quorn, pickled ginger and grapefruit salad","corn, pickled ginger and grapefruit salad"
"charred peach panzanella","charred peach panzanella","peach panzanella"
"bbq chilli cheeseburger","bbq chilli cheeseburger","barbecue chilli cheeseburger","barbecue chili cheeseburger","barbecue cheeseburger"
"sausage and pea pasta","sausage and pea pasta"
"tobys breakfast fried rice","tobys breakfast fried rice","toby's breakfast fried rice","breakfast fried rice"
"steak tacos with burnt tomato salsa","steak tacos with burnt tomato salsa","steak tacos","steak taco's","steak taco's with burnt tomato salsa"
"aubergine and tomato traybake curry","aubergine and tomato traybake curry","traybake curry"
"harissa chickpea kofte bowl","harissa chickpea kofte bowl","harissa chickpea bowl"
"xo chicken caesar salad","xo chicken caesar salad","chicken caesar salad","xo caesar salad","xo chicken salad"
"roasted pepper and anchovy rigatoni","roasted pepper and anchovy rigatoni","roasted pepper & anchovy rigatoni","roasted pepper anchovy rigatoni","roasted pepper rigatoni","anchovy rigatoni"
"miso mushroom soba noodle soup","miso mushroom soba noodle soup","soba noodle soup","mushroom soba noodle soup","miso and mushroom soba noodle soup","miso & mushroom soba noodle soup"
"crispy gnocchi with burrata and pesto","crispy gnocchi with burrata and pesto","crispy gnocchi"
"spicy prawn mayo sandwich","spicy prawn mayo sandwich","spicy prawn sandwich"
"chargrilled feta and beetroot salad","chargrilled feta and beetroot salad","char grilled feta and beetroot salad","feta and beetroot salad"
"fragrant quorn vermicelli salad","fragrant quorn vermicelli salad","quorn vermicelli salad","fragrant corn vermicceli salad","corn vermicelli salad"
"spicy breakfast burrito","spicy breakfast burrito","breakfast burrito"
"mushroom risotto","mushroom risotto"
"leek and olive filo pie","leek and olive filo pie","leek and olive pie"
"miso braised fennel","miso braised fennel"
"the big mob","the big mob"
"spicy garlicky soy sauce bucatini","spicy garlicky soy sauce bucatini","spicy garlic soy sauce bucatini"
"squash and tofu red curry","squash and tofu red curry"
"spicy apple rib sandwiches","spicy apple rib sandwiches"
"crispy pork belly fried rice","crispy pork belly fried rice","pork belly fried rice"
"bbq chicken quesadillas","bbq chicken quesadillas","barbecue chicken quesadillas","barbecue chiken quesadilla's","chicken quesadillas"
"crispy chicken and creamy feta salad","crispy chicken and creamy feta salad"
"prawn malai curry","prawn malai curry"
"hot pepper kebabs","hot pepper kebabs","pepper kebabs","hot pepper kebab","pepper kebab"
"parmesan cauliflower steaks","parmesan cauliflower steaks"
"singapore noodles","singapore noodles"
"crispy honey chipotle wings","crispy honey chipotle wings"
"burnt tomato salsa","burnt tomato salsa"
"burnt aubergine with red pepper salsa","burnt aubergine with red pepper salsa"
"pollo piccante","pollo piccante"
"greek baked beans","greek baked beans"
"cheese and bacon bbq chicken","cheese and bacon bbq chicken"
"crispy chorizo loaded potatoes","crispy chorizo loaded potatoes"
"creamy miso tahini udon","creamy miso tahini udon"
"tomato butter mafaldine with gremolata","tomato butter mafaldine with gremolata"
"chipotle mozzarella sticks","chipotle mozzarella sticks"
"crispy pork belly sandwich","crispy pork belly sandwich","pork belly sandwich"
"sausage roll samosas","sausage roll samosas","samosas sausage rolls"
"orange and vanilla cheesecake","orange and vanilla cheesecake"
"sticky mango paneer kebabs","sticky mango paneer kebabs","sticky mango paneer kebab","mango paneer kebabs","mango paneer kebab","paneer kebabs","paneer kebab"
"tandoori fried chicken sandwich","tandoori fried chicken sandwich","tandoori fried chicken","fried chicken sandwich"
"romesco quorn burger","romesco quorn burger","romesco corn burger"
"poppadom nachos chaat","poppadom nachos chaat"
"crispy chorizo croquetas","crispy chorizo croquetas"
"peshwari naan","peshwari naan"
"sweet and sour chicken balls","sweet and sour chicken balls","sweet & sour chicken balls","chicken balls"
"harissa aubergine pilaf","harissa aubergine pilaf","aubergine pilaf"
"tandoori chicken burger","tandoori chicken burger"
"lemongrass chicken skewers","lemongrass chicken skewers"
"dark chocolate & almond croissant pud","dark chocolate & almond croissant pud"
"croque madame croissants","croque madame croissants"
"smoky sesame and broccoli noodles","smoky sesame and broccoli noodles"
"cheesy garlic bread","cheesy garlic bread"
"mobs ultimate hot dog","mobs ultimate hot dog"
"baked egg stuffed croissants","baked egg stuffed croissants"
"roasted cauliflower and green tahini salad","roasted cauliflower and green tahini salad","roasted cauliflower","roasted cauliflower with green tahini salad","roasted cauliflower green tahini salad"
"chipotle chicken cheesy chips","chipotle chicken cheesy chips"
"halloumi buddha bowl","halloumi buddha bowl"
"fakeaway zinger burger","fakeaway zinger burger"
"crispy chilli beef","crispy chilli beef"
"fennel and sausage pappardelle","fennel and sausage pappardelle"
"roasted aubergine, tomato and mozzarella salad","roasted aubergine, tomato and mozzarella salad"
"spicy nduja and burrata pasta","spicy nduja and burrata pasta","spicy burrata pasta"
"bbq chicken pitta","bbq chicken pitta","bbq chicken pita","barbecue chicken pitta","barbecue chicken pita"
"beef, black bean and cashew pappardelle","beef, black bean and cashew pappardelle"
"satay chicken burgers","satay chicken burgers"
"chorizo and halloumi jambalaya","chorizo and halloumi jambalaya"
"cacio e pepe gnocchi","cacio e pepe gnocchi"
"nduja spatchcock chicken","nduja spatchcock chicken","spatchcock chicken"
"lemon chicken","lemon chicken"
"pesto and kale stuffed shells","pesto and kale stuffed shells"
"miso caramel chocolate mousse","miso caramel chocolate mousse"
"doms subs meatball grinder","doms subs meatball grinder"
"drunken noodles","drunken noodles"
"crispy chorizo gnocchi with salsa verde","crispy chorizo gnocchi with salsa verde"
"one pan tomato orzo","one pan tomato orzo"
"harissa bulgur wheat traybake","harissa bulgur wheat traybake","bulgur wheat traybake","bulgur wheat traybakes","harissa bulgur wheat","harissa bulgut wheat traybakes"
"lamb massaman curry","lamb massaman curry"
"mango & chilli peri peri pitta with quorn makes amazing","mango & chilli peri peri pitta with quorn makes amazing","mango and chilli peri peri pitta with corn makes amazing","mango and chilli peri peri pita","peri peri pita","mango chilli peri peri pita"
"sausage, squash and taleggio lasagne","sausage, squash and taleggio lasagne"
"bens crispy rosemary potatoes","bens crispy rosemary potatoes"
"hot cross bun french toast","hot cross bun french toast"
"blue cheese and leek cannelloni","blue cheese and leek cannelloni"
"caramelised onion, anchovy and olive spaghetti","caramelised onion, anchovy and olive spaghetti"
"chicken souvlaki","chicken souvlaki"
"balsamic-glazed meatballs","balsamic-glazed meatballs"
"roasted squash and wild rice bowl","roasted squash and wild rice bowl","roasted squash & wild rice bowl","roasted squash and rice bowl","roasted squash & rice bowl"
"hot cross buns","hot cross buns"
"quick flatbreads with masala chickpeas","quick flatbreads with masala chickpeas","quick flatbread with masala chickpeas","quick flatbread"
"smoked oat fishcakes","smoked oat fishcakes"
"roasted tomato and mascarpone tagliatelle","roasted tomato and mascarpone tagliatelle"
"romesco chicken traybake","romesco chicken traybake"
"kung pao quorn","kung pao quorn","kung pao corn"
"charred lime yoghurt and quorn makes amazing kebab lettuce wraps","charred lime yoghurt and quorn makes amazing kebab lettuce wraps","kebab lettuce wraps"
"colcannon fritters","colcannon fritters"
"tantanmen ramen","tantanmen ramen"
"cauliflower manchurian","cauliflower manchurian"
"jackfruit chipotle tostadas","jackfruit chipotle tostadas"
"tofu and mushroom dumplings","tofu and mushroom dumplings"
"sichuan pickled plums","sichuan pickled plums"
"potato, cheese and onion pasty","potato, cheese and onion pasty"
"pumpkin 5 ways","pumpkin 5 ways"
"leftover vegetable flammkuchen","leftover vegetable flammkuchen"
"crispy pork pancakes","crispy pork pancakes"
"guinness and mushroom stew","guinness and mushroom stew"
"rotli","rotli"
"sophies mums slow roast lamb flatbreads","sophies mums slow roast lamb flatbreads","sophies mums slow roast lamb flatbread","sophies mums flatbreads","slow roast lamb flatbreads","roast lamb flatbreads","lamb fleatbreads","roast lamb flatbread","lamb flatbread"
"seemas mums chicken curry","seemas mums chicken curry"
"miso butter pasta","miso butter pasta"
"tomato, caper and pine nut spaghetti","tomato, caper and pine nut spaghetti"
"classic dill pickles","classic dill pickles"
"smashed sichuan chicken","smashed sichuan chicken"
"crispy cauliflower leaf wings","crispy cauliflower leaf wings"
"broccoli and tikka salmon traybake","broccoli and tikka salmon traybake","tikka salmon traybake","broccoli and salmon traybake"
"roasted chipotle pepper soup","roasted chipotle pepper soup"
"smoky roasted pepper lasagne","smoky roasted pepper lasagne"
"leftover naan croque madame","leftover naan croque madame"
"leftover dal fritters","leftover dal fritters","dal fritters","leftovers dal fritters"
"sticky coconut rice pudding with mango and lime","sticky coconut rice pudding with mango and lime"
"pineapple and coconut cream crêpes","pineapple and coconut cream crêpes"
"beef shin chilli","beef shin chilli"
"chilli paneer","chilli paneer"
"welsh rarebit burgers","welsh rarebit burgers"
"blueberry pancakes","blueberry pancakes"
"peaches and cream crêpes","peaches and cream crêpes"
"chocolate hazelnut doughnuts","chocolate hazelnut doughnuts"
"black garlic and feta orzo","black garlic and feta orzo"
"chicken piccata","chicken piccata"
"sticky aubergine sesame rice bowl","sticky aubergine sesame rice bowl"
"meatball gnocchi bake","meatball gnocchi bake"
"guinness can chicken","guinness can chicken"
"chilli cheese paratha","chilli cheese paratha"
"zhoug chicken bake","zhoug chicken bake"
"curry leaf hummus","curry leaf hummus"
"roasted squash, fennel and chickpea salad","roasted squash, fennel and chickpea salad","roasted squash with fennel and chickpea salad","roasted squash, fennel & chickpea salad","roasted squash with fennel & chickpea salad","roasted squash with fennel"
"muttar paneer","muttar paneer"
"sauerkraut and mushroom pierogi","sauerkraut and mushroom pierogi","sauerkraut mushroom pierogi"
"tomato curry","tomato curry"
"plant-based fakeaway kebab","plant-based fakeaway kebab"
"tofu milanese ciabatta","tofu milanese ciabatta"
"pulled mushroom ragù","pulled mushroom ragù","pulled mushroom ragu","mushroom ragu","mushroom ragù"
"dr. oetker chocolate hazelnut cheesecake","dr. oetker chocolate hazelnut cheesecake"
"peri peri burrito","peri peri burrito"
"raspberry, almond butter and chia seed porridge","raspberry, almond butter and chia seed porridge"
"tofu lok lak","tofu lok lak"
"peri-peri sweet potato salad","peri-peri sweet potato salad","sweet potato salad","piri-piri sweet potato salad","peri peri sweet potato salad"
"smoky pepper croquetas","smoky pepper croquetas"
"chipotle tofu rice bowl","chipotle tofu rice bowl"
"sesame tofu toast","sesame tofu toast"
"peri-peri falafel pitta","peri-peri falafel pitta"
"warming bean & veg soup","warming bean & veg soup"
"creamy miso mushroom pasta","creamy miso mushroom pasta"
"crispy spring onion pancakes","crispy spring onion pancakes"
"harissa-spiced shepherd’s pie","harissa-spiced shepherd’s pie"
"leek and celeriac gratin","leek and celeriac gratin","leek gratin"
"spiced pea and potato rolls","spiced pea and potato rolls"
"peanut butter chocolate banana bread","peanut butter chocolate banana bread"
"raspberry, chocolate and macadamia flapjacks","raspberry, chocolate and macadamia flapjacks"
"four bean spiced stew","four bean spiced stew"
"seemas dhal","seemas dhal"
"broccoli salsa macha rice","broccoli salsa macha rice"
"mushroom katsu burger","mushroom katsu burger"
"crispy chilli oil","crispy chilli oil"
"birria tacos","birria tacos"
"chorizo romesco risotto","chorizo romesco risotto"
"fragrant prawn and herb omelette","fragrant prawn and herb omelette"
"herby chicken mushroom orzo","herby chicken mushroom orzo","chicken mushroom orzo","herby mushroom orzo"
"leftover christmas toastie","leftover christmas toastie"
"creamy celeriac and apple soup","creamy celeriac and apple soup"
"nduja baked camembert","nduja baked camembert","baked camembert","baked camember","nduja baked camember"
"bombay roast potatoes","bombay roast potatoes","bombay potatoes"
"leftover boxing day green eggs and ham","leftover boxing day green eggs and ham"
"nut roast wellington","nut roast wellington"
"biang biang noodles","biang biang noodles"
"pomegranate and pistachio pavlova wreath","pomegranate and pistachio pavlova wreath"
"halloumi, zaatar and orange brussels sprouts","halloumi, zaatar and orange brussels sprouts","orange brussels sprouts","orange brussel sprouts","halloumi brussels sprouts","halloumi brussel sprouts"
"chocolate gingerbread yule log","chocolate gingerbread yule log"
"mini philly cheesesteak subs","mini philly cheesesteak subs"
"salted caramel blondies","salted caramel blondies"
"sprout and chilli peanut noodles","sprout and chilli peanut noodles","chili peanut noodles"
"fudgy chocolate orange traybake","fudgy chocolate orange traybake"
"caramelised onion linguine","caramelised onion linguine"
"chocolate caramel mug cake","chocolate caramel mug cake"
"glazed pigs in blankets","glazed pigs in blankets"
"citrus miso salmon","citrus miso salmon","miso salmon"
"brussels sprout pakoras","brussels sprout pakoras"
"thai fish sauce wings","thai fish sauce wings"
"red curry sausage rolls","red curry sausage rolls","curry sausage rolls"
"lemony mushroom carbonara","lemony mushroom carbonara"
"honey mustard onion rings","honey mustard onion rings"
"white chocolate and pretzel cheesecake","white chocolate and pretzel cheesecake"
"lemon drizzle loaf","lemon drizzle loaf"
"brown butter blondies","brown butter blondies"
"crispy cereal squares","crispy cereal squares"
"chocolate traybake cake with peanut butter frosting","chocolate traybake cake with peanut butter frosting"
"cauliflower leaf pesto","cauliflower leaf pesto"
"crispy salmon bento bowl","crispy salmon bento bowl","crispy salmon bowl","salmon bento bowl"
"cajun prawn hush puppies","cajun prawn hush puppies"
"vegan roast garlic aioli","vegan roast garlic aioli"
"what willy cooks chicken satay skewers","what willy cooks chicken satay skewers"
"roast chicken salad with gravy dressing","roast chicken salad with gravy dressing","roast chicken salad"
"mobs fish pie","mobs fish pie"
"salt and pepper parmentier potatoes","salt and pepper parmentier potatoes"
"herby courgette and halloumi fritters","herby courgette and halloumi fritters","herby courgette & halloumi fritters","courgette and halloumi fritters","courgette & halloumi fritters","halloumi fritters"
"honey mustard rib bites","honey mustard rib bites"
"sticky pecan pie","sticky pecan pie"
"brown butter spaghetti","brown butter spaghetti"
"seemas crispy spring onion noodles","seemas crispy spring onion noodles"
"noodle bowl with crispy tofu and charred pak choi","noodle bowl with crispy tofu and charred pak choi"
"spicy baked meatballs","spicy baked meatballs"
"mob’s peri peri roast","mob’s peri peri roast"
"whole roasted muhammara cauliflower","whole roasted muhammara cauliflower"
"coconut cauliflower traybake curry","coconut cauliflower traybake curry"
"spiced coconut kedgeree","spiced coconut kedgeree"
"moorish lamb kebabs by ainsley harriott","moorish lamb kebabs by ainsley harriott","lamb kebabs","lamb kebab","moorish lamb kebab by ainsley harriot","moorish lamb kebabs","moorish lamb kebab"
"roasted tomato spaghetti by forza wine","roasted tomato spaghetti by forza wine"
"gnocchi allamatriciana","gnocchi allamatriciana"
"leftover pumpkin stuffed shells","leftover pumpkin stuffed shells"
"sweet and sour prawns","sweet and sour prawns","sweet & sour prawns"
"mango, passionfruit and coconut porridge","mango, passionfruit and coconut porridge"
"creamy pumpkin curry","creamy pumpkin curry"
"spicy sausage penne bake","spicy sausage penne bake"
"sticky soy pork belly","sticky soy pork belly","soy pork belly"
"halloumi breakfast sandwich","halloumi breakfast sandwich"
"lamb ragù by thomas straker","lamb ragù by thomas straker","lamb ragù","lamb ragu by thomas straker","lamb ragu"
"miso butter onions","miso butter onions"
"roasted garlic chicken pie","roasted garlic chicken pie"
"sweet glazed sticky duck with tilda fragrant jasmine rice","sweet glazed sticky duck with tilda fragrant jasmine rice"
"shrimp po boy","shrimp po boy"
"onion bhajis & poached eggs","onion bhajis & poached eggs"
"creamy sausage and squash gnocchi","creamy sausage and squash gnocchi"
"jerk chicken by keshia sakarah","jerk chicken by keshia sakarah"
"chicken thai green curry","chicken thai green curry"
"sesame prawn toastie","sesame prawn toastie","sesame prawn toast"
"wagamamas pimped up ramen","wagamamas pimped up ramen"
"mobs apple crumble","mobs apple crumble"
"homemade sweet chilli jam","homemade sweet chilli jam"
"homemade mexican-style chorizo","homemade mexican-style chorizo"
"vegan don buri by wagamama","vegan don buri by wagamama"
"creamy halloumi curry","creamy halloumi curry"
"mobs butter chicken curry by mallika basu","mobs butter chicken curry by mallika basu","butter chicken curry","mobs butter chicken curry"
"homemade oat milk","homemade oat milk"
"homemade almond butter","homemade almond butter"
"masala frittata and kachumber salad","masala frittata and kachumber salad","masala frittata","masala frittata & kachumber salad"
"pesto steak gyros","pesto steak gyros"
"yasai yaki soba by wagamama","yasai yaki soba by wagamama"
"crispy ginger sesame beef","crispy ginger sesame beef"
"chorizo and charred spring onion rigatoni","chorizo and charred spring onion rigatoni","chorizo & charred spring onion rigatoni","chorizo rigatoni"
"aglio e olio","aglio e olio"
"grilled halloumi by bubala","grilled halloumi by bubala"
"hot chicken katsu curry by wagamama","hot chicken katsu curry by wagamama"
"hannah thornes take on peruvian ceviche","hannah thornes take on peruvian ceviche"
"pesto sausage rolls","pesto sausage rolls"
"mobs ultimate carbonara","mobs ultimate carbonara"
"bolani by habib sadat","bolani by habib sadat"
"flautas de pollo","flautas de pollo"
"baked bean tacos","baked bean tacos"
"pasta with salsa cruda","pasta with salsa cruda"
"harissa and apricot stuffed chicken","harissa and apricot stuffed chicken"
"fermented hot sauce","fermented hot sauce"
"pan con tomate","pan con tomate"
"crispy chicken fajita linguine","crispy chicken fajita linguine"
"miso grilled cabbage","miso grilled cabbage"
"the ultimate cheese burger","the ultimate cheese burger"
"callaloo and ackee fried rice","callaloo and ackee fried rice"
"caprese gnocchi bake","caprese gnocchi bake"
"thom eagles speedy cabbage kimchi","thom eagles speedy cabbage kimchi"
"roasted butternut ramen-ish","roasted butternut ramen-ish"
"cod goujons with homemade tartare and burnt lemon","cod goujons with homemade tartare and burnt lemon"
"plantain chicken & waffles by crepes and cones","plantain chicken & waffles by crepes and cones"
"homemade baked beans on toast","homemade baked beans on toast"
"chinese lamb skewers","chinese lamb skewers"
"charred broccoli and spiced labneh","charred broccoli and spiced labneh"
"sticky peanut and sichuan chicken wings","sticky peanut and sichuan chicken wings"
"cheat’s sourdough tin loaf","cheat’s sourdough tin loaf"
"the ultimate sourdough loaf","the ultimate sourdough loaf"
"golden soy and sesame fried rice","golden soy and sesame fried rice"
"super easy rosemary sourdough focaccia","super easy rosemary sourdough focaccia"
"grilled pineapple pavlova","grilled pineapple pavlova"
"grilled fish tacos with salsa","grilled fish tacos with salsa"
"harissa chorizo prawn rice","harissa chorizo prawn rice"
"mexican-inspired corn on the cob","mexican-inspired corn on the cob"
"bbq spatchcock chicken flatbreads","bbq spatchcock chicken flatbreads","chicken flatbreads","bbq spatchcock chicken flatbread","bbq chicken flatbreads","chicken flatbread","bbq chicken flatbread"
"sourdough banana bread","sourdough banana bread"
"sourdough crumpets","sourdough crumpets"
"halloumi tabbouleh","halloumi tabbouleh"
"brick chicken","brick chicken"
"pressed picnic sandwich","pressed picnic sandwich"
"bao diddley by mr bao","bao diddley by mr bao"
"buttery pistachio chicken","buttery pistachio chicken"
"garlic tomato and basil baked eggs","garlic tomato and basil baked eggs"
"ikea-style swedish vegballs","ikea-style swedish vegballs"
"alaska salmon caesar salad","alaska salmon caesar salad","salmon caesar salad","alaskan caesar salad","aslaskan salmon caesar salad"
"mobs mustardy potato salad","mobs mustardy potato salad"
"grilled peach and burrata salad","grilled peach and burrata salad"
"oyindas jollof rice","oyindas jollof rice"
"casarecce con salsiccia","casarecce con salsiccia"
"garlicky cavolo nero & caper spaghetti","garlicky cavolo nero & caper spaghetti","garlic cavolo nero and caper spaghetti","garlic cavolo nero spaghetti"
"beer can chicken","beer can chicken"
"corn tortillas","corn tortillas"
"sausage & egg mcmuffin","sausage & egg mcmuffin"
"ice cream in five minutes","ice cream in five minutes"
"roast tomato & pepper bowl","roast tomato & pepper bowl"
"grilled orange & zaatar lamb chops","grilled orange & zaatar lamb chops"
"cherry tomato risotto","cherry tomato risotto"
"chicken caesar sandwich","chicken caesar sandwich"
"nduja courgettes","nduja courgettes","courgettes"
"sage and mustard chops","sage and mustard chops"
"the mob tricolore","the mob tricolore"
"sesame & ginger cod wrap","sesame & ginger cod wrap"
"the bacon mustard muffin","the bacon mustard muffin"
"risotto rice pudding","risotto rice pudding"
"chocolate tiffin fridge cake","chocolate tiffin fridge cake"
"flourless chocolate cake","flourless chocolate cake"
"cheats cinnamon swirls","cheats cinnamon swirls"
"coconut, spinach & tomato dahl","coconut, spinach & tomato dahl","coconut, spinach and tomato dahl","spinach & tomato dahl","spinach and tomato dahl","coconut spinach dahl","coconut spinach tomato dahl"
"spiced pork belly with rice","spiced pork belly with rice","spiced pork belly"
"asparagus and pea minestrone","asparagus and pea minestrone"
"kidney bean curry","kidney bean curry"
"tandoori broccoli wraps","tandoori broccoli wraps"
"mob-style chilaquiles","mob-style chilaquiles"
"kisir style couscous","kisir style couscous"
"chipotle tuna quesadillas","chipotle tuna quesadillas"
"roasted panzanella traybake","roasted panzanella traybake","panzanella traybake","roasted panzanella"
"kebabs with aji verde","kebabs with aji verde","aji verde kebabs","kebab with aji verde","aji verde kebab"
"chorizo & new potato traybake","chorizo & new potato traybake"
"chicken, fennel, tomato & white beans","chicken, fennel, tomato & white beans"
"mustard fried pickles","mustard fried pickles"
"miso salmon burgers","miso salmon burgers","salmon burgers"
"spinach and ricotta pasta by 26 grains","spinach and ricotta pasta by 26 grains","spinach & ricotta pasta by 26 grains","spinach and ricotta pasta","spinach & ricotta pasta","spinach pasta"
"alaska salmon fried rice","alaska salmon fried rice","salmon fried rice","alaskan salmon fried rice"
"anchovy and caper carbonara","anchovy and caper carbonara"
"chickpea curry by sam wise and damnshaq","chickpea curry by sam wise and damnshaq","chickpea curry"
"peanut & coconut fried rice","peanut & coconut fried rice","peanut coconut fried rice","peanut and coconut fried rice"
"mobs ultimate cbd doner kebab","mobs ultimate cbd doner kebab","mobs ultimate cbd döner kebab"
"apricot and pistachio spiced cookies","apricot and pistachio spiced cookies"
"alaska smoked salmon rösti","alaska smoked salmon rösti","smoked salmon rösti","alaska smoked salmon rosti","alaskan smoked salmon rosti","smoked salmon rosti"
"the fry up hash","the fry up hash"
"cardamom granola by 26 grains","cardamom granola by 26 grains","cardamom granola"
"butter curried rice and egg","butter curried rice and egg"
"fish & celeriac stew","fish & celeriac stew","fish and celeriac stew"
"beer & bacon beans","beer & bacon beans","beer and bacon beans"
"okra fries","okra fries"
"chickpea puttanesca","chickpea puttanesca"
"crispy lemongrass chicken","crispy lemongrass chicken"
"dough balls parmigiana","dough balls parmigiana"
"sausage & fennel risotto","sausage & fennel risotto","sausage and fennel risotto"
"spicy sausage bean bake","spicy sausage bean bake"
"gochujang alaska pollock burger","gochujang alaska pollock burger"
"bacony packet noodles","bacony packet noodles"
"crunchy herby halloumi fries","crunchy herby halloumi fries","herby halloumi fries","herbal halloumi fries"
"wasabi crayfish brioche bap","wasabi crayfish brioche bap"
"spiced chickpea stew with crispy meatless mince","spiced chickpea stew with crispy meatless mince"
"chilli peanut fridge brownies","chilli peanut fridge brownies","chili brownies","chili peanut brownies","fridge brownies"
"mobs tahini stuffed smoky aubergine","mobs tahini stuffed smoky aubergine"
"nduja scotch egg","nduja scotch egg","scotch egg"
"spicy croque madame","spicy croque madame"
"pestoey roast spud salad","pestoey roast spud salad","pesto roast spud salad"
"keema pau by dishoom","keema pau by dishoom"
"leek orzo with chicken stock","leek orzo with chicken stock","leek orzo","leek orzo chicken stock"
"leek and sweet potato soup","leek and sweet potato soup","leek sweet potato soup"
"halloumi and harissa pancakes","halloumi and harissa pancakes"
"the ultimate lasagne","the ultimate lasagne"
"roast garlic linguine","roast garlic linguine"
"baja fish tacos by breddos tacos","baja fish tacos by breddos tacos"
"chickpea stew with nduja and manchego toast","chickpea stew with nduja and manchego toast","chickpea stew","chickpea stew with manchego toast"
"plant-based wellington","plant-based wellington"
"mobs easy arancini (using leftover risotto)","mobs easy arancini (using leftover risotto)"
"ginger basil noodles","ginger basil noodles"
"easy oven jerk chicken by original flava","easy oven jerk chicken by original flava"
"mushroom & sage pasta","mushroom & sage pasta"
"wagamamas surendras curry","wagamamas surendras curry"
"the ultimate smoked mackerel pate","the ultimate smoked mackerel pâté","the ultimate smoked mackerel pate"
"mobs french onion mac & cheese","mobs french onion mac & cheese","mobs french onion mac and cheese"
"mobs curried chickpea stuffed sweet potatoes","mobs curried chickpea stuffed sweet potatoes","curried chickpea sweet potatoes","curried chickpea stuffed sweet potatoes"
"brussels sprout pad thai","brussels sprout pad thai"
"curried carrot dhal","curried carrot dhal"
"mobs vegan shakshuka","mobs vegan shakshuka"
"miso tahini roast sweet potato bowls","miso tahini roast sweet potato bowls","sweet potato bowls"
"ultimate breakfast sandwich by the fry up police","ultimate breakfast sandwich by the fry up police"
"sweet potato & bacon traybake","sweet potato & bacon traybake","sweet potato and bacon traybake","sweet potato traybake"
"plant-based mince & peanut butter udon","plant-based mince & peanut butter udon","plant-based mince and peanut butter udon"
"butternut squash rigatoni","butternut squash rigatoni","squash rigatoni","butternut rigatoni"
"hasselback butternut squash","hasselback butternut squash","hasselback squash","hasselabck butternut"
"roasted root vegetable curry","roasted root vegetable curry"
"leftover ham and brie folded flatbreads","leftover ham and brie folded flatbreads","leftover ham and brie folded flatbread","ham and brie flatbreads","ham and brie folded flatbreads","ham and brie flatbread","ham and brie folded flatbread","folded flatbreads","folded flatbread"
"leftover turkey and halloumi gyros","leftover turkey and halloumi gyros"
"whole baked camembert","whole baked camembert","whole baked camember"
"leftover roast veggie focaccia","leftover roast veggie focaccia"
"rolex and beans by barney artist","rolex and beans by barney artist"
"plant-based sausage rolls","plant-based sausage rolls"
"mobs stuffing gnocchi","mobs stuffing gnocchi"
"leftover turkey baguette","leftover turkey baguette"
"aubergine and ricotta pasta⁠","aubergine and ricotta pasta⁠","aubergine & ricotta pasta","aubergine pasta"
"halloumi in blankets","halloumi in blankets"
"sweet n sour tofu","sweet n sour tofu"
"chorizo brussels sprouts","chorizo brussels sprouts","chorizo brussel sprouts"
"chicken cacciatore pasta","chicken cacciatore pasta"
"pesto veggie traybake","pesto veggie traybake"
"mexican style eggs","mexican style eggs"
"ultimate christmas dinner","ultimate christmas dinner"
"spicy lentil stew","spicy lentil stew"
"mobs chicken and chorizo pie","mobs chicken and chorizo pie"
"mob’s cannellini pasta","mob’s cannellini pasta","cannellini pasta","cannelini pasta"
"butternut squash soup with garlic bread","butternut squash soup with garlic bread","squash soup","butternut squash soup","butternut soup"
"mobs plant-based nachos","mobs plant-based nachos"
"grilled mushroom and cheese tacos by tommi miers","grilled mushroom and cheese tacos by tommi miers"
"mobs bacon rostis","mobs bacon röstis","mobs bacon rostis"
"butternut squash with chilli con carne by harlequins","butternut squash with chilli con carne by harlequins","butternut squash with chilli con carne","butternut squash chilli con carne"
"salt and pepper tofu","salt and pepper tofu"
"prawn and chorizo orzo","prawn and chorizo orzo"
"spicy chicken katsu","spicy chicken katsu"
"zero waste veggie carbonara","zero waste veggie carbonara"
"sweet potato and chickpea curry","sweet potato and chickpea curry","sweet potato curry"
"chorizo pesto pasta bake","chorizo pesto pasta bake"
"bacon mac & cheese","bacon mac & cheese","bacon mac and cheese"
"mexican style plant-based burger","mexican style plant-based burger"
"teriyaki salmon","teriyaki salmon"
"wagamamas crispy squid","wagamamas crispy squid"
"mobs ultimate bacon sarnie","mobs ultimate bacon sarnie"
"cinnamon roll ups by liam charles","cinnamon roll ups by liam charles"
"veggie egg fried rice","veggie egg fried rice"
"chicken & waffles by sweet chick","chicken & waffles by sweet chick","chicken and waffles by sweet chick"
"parma ham carbonara","parma ham carbonara"
"pulled chicken peri peri rice","pulled chicken peri peri rice"
"chicken and chorizo fajitas","chicken and chorizo fajitas"
"ultimate bangers and mash","ultimate bangers and mash"
"popcorn cauliflower","popcorn cauliflower"
"sopa bullabesa de almería by josé pizarros","sopa bullabesa de almería by josé pizarros"
"parmesan chicken salad","parmesan chicken salad"
"mobs plant-based larb","mobs plant-based larb"
"jollof rice by selasi","jollof rice by selasi"
"creamy tahini sweet potatoes","creamy tahini sweet potatoes","tahini sweet potatoes"
"harissa chicken","harissa chicken"
"fettuccine alfredo with leeks","fettuccine alfredo with leeks","fettuccine alfredo"
"cheats chicken biryani by barney harwood","cheats chicken biryani by barney harwood"
"plant-based kofta pittas","plant-based kofta pittas"
"romesco mac & cheese","romesco mac & cheese","romesco mac and cheese"
"spiced fish with mango salsa","spiced fish with mango salsa"
"nduja & manchego sausage rolls","nduja and manchego sausage rolls","manchego sausage rolls"
"ultimate fry up by the fry up police","ultimate fry up by the fry up police"
"mobs courgette frittata","mobs courgette frittata","courgette frittata"
"chorizo & chicken skin rice by casa do frango","chorizo & chicken skin rice by casa do frango","chorizo and chicken skin rice by casa do frango"
"miso roasted veg bowls","miso roasted veg bowls"
"gnocchi ragu","gnocchi ragù","gnocchi ragu"
"courgette chips","courgette chips"
"halloumi peanut curry","halloumi peanut curry"
"leek & pancetta risotto","leek & pancetta risotto","leek and pancetta risotto"
"chicken, tomato & mozzarella traybake","chicken, tomato & mozzarella traybake","chicken, tomato and mozzarella traybake"
"crab and iced fennel linguine","crab and iced fennel linguine"
"creamy courgette pasta","creamy courgette pasta"
"ultimate greek salad with crouton twist","ultimate greek salad with crouton twist"
"vegan coconut stir fry","vegan coconut stir fry"
"baba ganoush pasta salad","baba ganoush pasta salad"
"mobs wild alaska salmon burger","mobs wild alaska salmon burger","wild alaska salmon burger","wild salmon burger","wild alaskan salmon burger"
"the ultimate baba ganoush","the ultimate baba ganoush"
"mobs pad thai","mobs pad thai"
"one pan chorizo gnocchi","one pan chorizo gnocchi"
"plant-based bangers and mash","plant-based bangers and mash"
"mobs massaman curry","mobs massaman curry"
"mobs mustard chicken","mobs mustard chicken"
"chicken satay pittas","chicken satay pittas"
"hawaiian pineapple chicken","hawaiian pineapple chicken"
"deconstructed blt salad","deconstructed blt salad"
"mushroom miso barley bowl","mushroom miso barley bowl"
"charred corn, chorizo and creamy blue cheese salad","charred corn, chorizo and creamy blue cheese salad"
"orzo primavera","orzo primavera"
"chargrilled asparagus carbonara","chargrilled asparagus carbonara"
"tuna bean pasta","tuna bean pasta"
"sweetcorn lemongrass and ginger fritters","sweetcorn lemongrass and ginger fritters","sweetcorn, lemongrass & ginger fritters","sweetcorn fritters","lemongrass & ginger fritters","lemongrass and ginger fritters","ginger fritters","lemongrass fritters"
"crispy sesame beef noodle bowls","crispy sesame beef noodle bowls"
"plant-based chipotle burger","plant-based chipotle burger"
"creamy chicken and tomato orzo","creamy chicken and tomato orzo"
"halloumi bake","halloumi bake"
"plant-based moussaka","plant-based moussaka"
"chicken soba noodle salad","chicken soba noodle salad"
"chicken yakitori","chicken yakitori"
"beef barbacoa taco","beef barbacoa taco"
"mushroom & lamb koftas","mushroom & lamb koftas","mushroom and lamb koftas"
"moules mariniere spaghetti","moules marinière spaghetti","moules mariniere spaghetti"
"hasselback potatoes three ways","hasselback potatoes three ways","hasselback potatoes 3 ways","3 way hasselback potatoes","three way hasselback potatoes"
"mushroom & pork larb burrito","mushroom & pork larb burrito","mushroom and pork larb burrito"
"mobs peri peri crunch wrap","mobs peri peri crunch wrap"
"veggie satay noodles","veggie satay noodles","veggie noodles"
"mighty mushroom mac & cheese","mighty mushroom mac & cheese"
"mediterranean traybake","mediterranean traybake"
"mobs breakfast frittata","mobs breakfast frittata","breakfast frittata"
"mobs caprese frittata","mobs caprese frittata","caprese frittata"
"mobs orzo carbonara","mobs orzo carbonara"
"balsamic glazed plant-based meatballs","balsamic glazed plant-based meatballs"
"pearl barley super salad","pearl barley super salad"
"sticky teriyaki garlic chicken","sticky teriyaki garlic chicken"
"ratatouille with cheddar dumplings","ratatouille with cheddar dumplings","ratatouille with cheddar","ratatouille cheddar dumplings","ratatouille cheddar"
"cauliflower & broccoli cheese","cauliflower & broccoli cheese","cauliflower and broccoli cheese"
"mobs chorizo rösti & romesco sauce","mobs chorizo rösti & romesco sauce"
"mobs marmite chicken","mobs marmite chicken"
"mobs pork tonkatsu","mobs pork tonkatsu"
"sausage & kale pasta","sausage & kale pasta","sausage and kale pasta"
"chicken chow mein","chicken chow mein"
"mobs buddha bowl","mobs buddha bowl"
"one pot beef shin lasagne","one pot beef shin lasagne"
"cauliflower tikka gyros","cauliflower tikka gyros"
"wagamama vegan pad thai","wagamama vegan pad thai"
"pulled pork burger","pulled pork burger"
"mob fried chicken","mob fried chicken"
"nduja & fennel pasta","nduja & fennel pasta","nduja and fennel pasta","fennel pasta"
"spiced roast tomato soup","spiced roast tomato soup"
"cherry tomato gnocchi with herby pesto","cherry tomato gnocchi with herby pesto","cherry tomato gnocchi","cherry tomato gnocchi with pesto"
"aubergine tikka masala","aubergine tikka masala"
"dads puttanesca","dads puttanesca"
"leftover turkey pillow pie","leftover turkey pillow pie"
"ultimate roast potatoes – mob-style","ultimate roast potatoes – mob-style","mob ultimate roast potatoes","ultimate roast potatoes","mob-style ultimate roast potatoes"
"leftover turkey risotto","leftover turkey risotto"
"christmas stuffing sausage rolls","christmas stuffing sausage rolls","christmas sausage rolls"
"walnut plant-based bolognese","walnut plant-based bolognese"
"super simple white risotto","super simple white risotto"
"charred tofu and shiitake pho","charred tofu and shiitake pho"
"roasted butternut satay chicken curry","roasted butternut satay chicken curry"
"plant-based butternut mac & cheese","plant-based butternut mac & cheese","plant-based butternut mac and cheese"
"bacony gnocchi bake","bacony gnocchi bake"
"creamy chicken & mushroom casserole","creamy chicken & mushroom casserole","creamy chicken and mushroom casserole"
"caponata parmigiana","caponata parmigiana"
"pulled pork shoulder ragu","pulled pork shoulder ragu"
"plant-based roast pumpkin pasta","plant-based roast pumpkin pasta"
"cheddar & chutney sausage rolls","cheddar & chutney sausage rolls","cheddar and chutney sausage rolls","cheddar sausage rolls"
"teriyaki tofu","teriyaki tofu"
"chicken milanese spaghetti","chicken milanese spaghetti"
"chicken & egg fried rice","chicken & egg fried rice","chicken and egg fried rice"
"eggy guacamole crumpets","eggy guacamole crumpets"
"spiced halloumi fries","spiced halloumi fries"
"butternut squash chilli","butternut squash chilli","squash chilli"
"one pot chicken cider pie","one pot chicken cider pie"
"mobs chorizo quesadillas","mobs chorizo quesadillas"
"butternut squash autumn pie","butternut squash autumn pie","autumn pie","butternut squash pie"
"crispy smoked tofu","crispy smoked tofu"
"chicken gyoza soup","chicken gyoza soup"
"gyoza peanut noodles","gyoza peanut noodles","gyoza noodles"
"coconut chilli aubergines","coconut chilli aubergines","chili aubergines"
"mobs chicken kiev","mobs chicken kiev"
"spicy veggie enchiladas","spicy veggie enchiladas"
"quick chicken tikka masala","quick chicken tikka masala"
"chicken curry gyros","chicken curry gyros"
"three quid spaghetti","three quid spaghetti"
"summer crunch salad","summer crunch salad"
"vegan chickpea stew","vegan chickpea stew"
"chorizo carbonara","chorizo carbonara"
"sticky sesame chicken","sticky sesame chicken"
"pesto-y summer orzo","pesto-y summer orzo"
"grilled peach sally","grilled peach sally"
"crispy parma ham gnocchi","crispy parma ham gnocchi"
"peri peri pasta","peri peri pasta"
"the stickiest soy drumsticks","the stickiest soy drumsticks"
"cheesy bacony potatoes","cheesy bacony potatoes"
"black pepper tofu","black pepper tofu"
"mishas meaty meatballs","mishas meaty meatballs"
"mobs chicken madras","mobs chicken madras"
"zingy chicken and corn salad","zingy chicken and corn salad"
"harissa tahini cauliflower","harissa tahini cauliflower"
"mushroom gnocchi bake","mushroom gnocchi bake"
"green summer orzo","green summer orzo"
"chicken skewer naan wraps","chicken skewer naan wraps"
"crunchy tofu katsu","crunchy tofu katsu"
"mushroom & cheddar super toastie","mushroom & cheddar super toastie"
"peanut butter aubergine curry","peanut butter aubergine curry","peanut aubergine curry","peanut-butter aubergine curry","butter aubergine curry"
"creamy coconut pesto pasta","creamy coconut pesto pasta"
"surf n turf summer salad","surf n turf summer salad"
"chicken satay noodles","chicken satay noodles","chicken noodles"
"big boy bhaji burger","big boy bhaji burger"
"chorizo mac & cheese","chorizo mac & cheese","chorizo mac and cheese"
"halloumi & orange salad","halloumi & orange salad","halloumi and orange salad"
"mobs sweet and sour chicken","mobs sweet and sour chicken","sweet and sour chicken","mobs sweet & sour chicken","sweet & sour chicken"
"chimichurri steak & manchego super sub","chimichurri steak & manchego super sub","chimichurri steak and manchego super sub"
"artichoke & fennel tagliatelle","artichoke & fennel tagliatelle","artichoke and fennel tagliatelle"
"teriyaki chicken & sticky wasabi rice","teriyaki chicken & sticky wasabi rice","teriyaki chicken and sticky wasabi rice"
"crunchy cauliflower bang bang bowls","crunchy cauliflower bang bang bowls"
"vegan butternut squash tagliatelle","vegan butternut squash tagliatelle","butternut squash tagliatelle"
"plant-based bean and avocado burgers","plant-based bean and avocado burgers"
"vegan chocolate chilli","vegan chocolate chilli"
"mushroom pho mo","mushroom pho mo"
"mobs chicken katsu burger","mobs chicken katsu burger"
"butternut squash pancakes","butternut squash pancakes"
"the ultimate spag bolly","the ultimate spag bolly"
"halloumi crouton super salad","halloumi crouton super salad"
"homemade sweet potato gnocchi","homemade sweet potato gnocchi","sweet potato gnocchi"
"sticky sesame popcorn chicken","sticky sesame popcorn chicken"
"full english baked eggs","full english baked eggs"
"salmon en croute","salmon en croûte","salmon en croute","salmon and croute","salmon croute"
"the chicken balti pie","the chicken balti pie"
"broccoli & saint agur soup with blue cheese croutons","broccoli & saint agur soup with blue cheese croutons","broccoli and saint agur soup with blue cheese croutons"
"peri peri halloumi burgers","peri peri halloumi burgers"
"roasted chorizo, tomato & garlic soup","roasted chorizo, tomato & garlic soup","roasted chorizo, tomato and garlic soup"
"the freshest pork larb","the freshest pork larb"
"big daddy dhansak","big daddy dhansak"
"giant pig in blanket","giant pig in blanket"
"stuffed christmas butternut squash","stuffed christmas butternut squash","christmas butternut squash"
"loaded veggie quesadillas","loaded veggie quesadillas"
"crispy five-spice courgette fritters","crispy five-spice courgette fritters","crispy 5-spice courgette fritters","crispy five spice courgette fritters","crispy courgette fritters","five spice courgette fritters","5 spice courgette fritters","spice courgette fritters"
"amatriciana ncasciata","amatriciana ncasciata"
"sausage, kale & taleggio gnocchi bake","sausage, kale & taleggio gnocchi bake","sausage, kale and taleggio gnocchi bake"
"quinoa, prawn & avocado super salad","quinoa, prawn & avocado super salad","quinoa, prawn and avocado super salad"
"chicken parm supreme","chicken parm supreme"
"beer braised pork belly tacos","beer braised pork belly tacos","braised pork belly tacos","pork belly tacos"
"swedish spaghetti meatballs","swedish spaghetti meatballs"
"mobs butternut mac & cheese","mobs butternut mac & cheese","mobs butternut mac and cheese"
"mushy pea linguine","mushy pea linguine"
"the stickiest ribs","the stickiest ribs"
"homemade doner kebabs","homemade doner kebabs","homemade doner kebab","doner kebabs","doner kebab"
"thai pumpkin soup","thai pumpkin soup"
"spaghetti vongole","spaghetti vongole"
"the almighty mob chicken pie","the almighty mob chicken pie"
"the crispiest, gingeriest seabass","the crispiest, gingeriest seabass"
"double decker pesto papi burgers","double decker pesto papi burgers"
"homemade butternut squash ravioli","homemade butternut squash ravioli","butternut squash ravioli"
"date night tagliata","date night tagliata"
"thai sweet potato fish cakes","thai sweet potato fish cakes","sweet potato fish cakes"
"mascarpone & red pesto stuffed chicken breasts","mascarpone & red pesto stuffed chicken breasts"
"oozy butternut orzo","oozy butternut orzo"
"thai basil chicken (mob style)","thai basil chicken (mob style)","thai basil chicken"
"sticky pork noodle bowls","sticky pork noodle bowls"
"sticky mushroom udon stir-fry","sticky mushroom udon stir-fry"
"the cheekiest peri peri chicken","the cheekiest peri peri chicken"
"pork chop super ramen","pork chop super ramen"
"the ultimate halloumi, butternut squash & tahini salad","the ultimate halloumi, butternut squash & tahini salad","the ultimate halloumi, butternut squash and tahini salad","the ultimate halloumi butternut squash and tahini salad","halloumi butternut squash"
"hail caesar salad","hail caesar salad"
"peanut butter 10 minute noodles","peanut butter 10 minute noodles","peanut butter ten minute noodles"
"crispy sesame tofu with sticky sauce","crispy sesame tofu with sticky sauce"
"tofu & sweet potato curry","tofu & sweet potato curry","tofu and sweet potato curry","tofu sweet potato curry"
"slow roast pork belly gyros","slow roast pork belly gyros","pork belly gyros","roast pork belly gyros"
"crispy egg fried rice","crispy egg fried rice"
"the ultimate summer risotto","the ultimate summer risotto"
"super quick moussaka","super quick moussaka"
"mobs mighty meatball marinara sub","mobs mighty meatball marinara sub"
"crispy beetroot röstis","crispy beetroot röstis"
"chicken bhuna","chicken bhuna"
"barbecued summer salad","barbecued summer salad"
"the ultimate homemade gazpacho","the ultimate homemade gazpacho"
"ruperts barbecued bananas","ruperts barbecued bananas"
"chilli ginger barbecued mackerel","chilli ginger barbecued mackerel"
"barbecued fish burgers","barbecued fish burgers"
"spiced veggie gyros","spiced veggie gyros"
"sriracha pork sandwich","sriracha pork sandwich"
"sweet potato rosti & poached egg","sweet potato rösti & poached egg","sweet potato rosti & poached egg","sweet potato rosti","sweet potato rösti"
"homemade spinach and ricotta cannelloni","homemade spinach and ricotta cannelloni"
"smoky, cheesy black bean quesadillas","smoky, cheesy black bean quesadillas"
"chorizo, spinach & gnocchi bake","chorizo, spinach & gnocchi bake","chorizo, spinach and gnocchi bake"
"sesame courgette ribbon & chicken salad","sesame courgette ribbon & chicken salad","sesame courgette chicken salad","sesame courgette ribbon chicken salad","sesame courgette ribbon and chicken salad"
"eggs & soldiers mob style","eggs & soldiers mob style"
"giant mob hot dog","giant mob hot dog"
"chicken, almond & apricot tagine","chicken, almond & apricot tagine","chicken, almond and apricot tagine"
"spinach, ricotta & butternut squash lasagne","spinach, ricotta & butternut squash lasagne","butternut squash lasagne","spinach lasagne","spinach ricotta lasagne"
"mexican style stuffed sweet potatoes","mexican style stuffed sweet potatoes","mexican sweet potatoes","mexican stuffed sweet potatoes"
"egg mobmuffin","egg mobmuffin"
"caprese stuffed chicken breasts","caprese stuffed chicken breasts"
"manchego & green olive tortilla","manchego & green olive tortilla","machego tortilla","green olive tortilla","manchego and green olive tortilla"
"homemade pesto stuffed sweet potatoes","homemade pesto stuffed sweet potatoes","pesto stuffed sweet potatoes","pesto sweet potatoes"
"healthy chicken gyros with fresh tzatziki","healthy chicken gyros with fresh tzatziki"
"roasted pepper & chorizo orzo","roasted pepper & chorizo orzo","roasted pepper and chorizo orzo"
"chorizo baked eggs","chorizo baked eggs"
"homemade lamb burgers","homemade lamb burgers"
"deconstructed salami pizza","deconstructed salami pizza","salami pizza","salami pizzas","salami pizza's"
"sausage ratatouille traybake","sausage ratatouille traybake","sausage ratatouille","ratatouille traybake","sausage traybake"
"cod wrapped in parma ham with asparagus","cod wrapped in parma ham with asparagus"
